<?xml version="1.0" encoding="UTF-8"?>
<GenRun Id="impl_1" LaunchPart="xc7a100tcsg324-3" LaunchTime="1731488118">
  <File Type="ROUTE-PWR" Name="clk_top_wrapper_power_routed.rpt"/>
  <File Type="PA-TCL" Name="clk_top_wrapper.tcl"/>
  <File Type="ROUTE-PWR-SUM" Name="clk_top_wrapper_power_summary_routed.pb"/>
  <File Type="REPORTS-TCL" Name="clk_top_wrapper_reports.tcl"/>
  <File Type="OPT-RQA-PB" Name="clk_top_wrapper_rqa_opted.pb"/>
  <File Type="BITSTR-MMI" Name="clk_top_wrapper.mmi"/>
  <File Type="OPT-METHODOLOGY-DRC" Name="clk_top_wrapper_methodology_drc_opted.rpt"/>
  <File Type="INIT-TIMING" Name="clk_top_wrapper_timing_summary_init.rpt"/>
  <File Type="OPT-TIMING" Name="clk_top_wrapper_timing_summary_opted.rpt"/>
  <File Type="OPT-DCP" Name="clk_top_wrapper_opt.dcp"/>
  <File Type="OPT-DRC" Name="clk_top_wrapper_drc_opted.rpt"/>
  <File Type="OPT-HWDEF" Name="clk_top_wrapper.hwdef"/>
  <File Type="PWROPT-DCP" Name="clk_top_wrapper_pwropt.dcp"/>
  <File Type="PWROPT-DRC" Name="clk_top_wrapper_drc_pwropted.rpt"/>
  <File Type="PWROPT-TIMING" Name="clk_top_wrapper_timing_summary_pwropted.rpt"/>
  <File Type="PLACE-DCP" Name="clk_top_wrapper_placed.dcp"/>
  <File Type="PLACE-IO" Name="clk_top_wrapper_io_placed.rpt"/>
  <File Type="PLACE-CLK" Name="clk_top_wrapper_clock_utilization_placed.rpt"/>
  <File Type="PLACE-UTIL" Name="clk_top_wrapper_utilization_placed.rpt"/>
  <File Type="PLACE-UTIL-PB" Name="clk_top_wrapper_utilization_placed.pb"/>
  <File Type="PLACE-CTRL" Name="clk_top_wrapper_control_sets_placed.rpt"/>
  <File Type="PLACE-SIMILARITY" Name="clk_top_wrapper_incremental_reuse_placed.rpt"/>
  <File Type="PLACE-PRE-SIMILARITY" Name="clk_top_wrapper_incremental_reuse_pre_placed.rpt"/>
  <File Type="BG-BIN" Name="clk_top_wrapper.bin"/>
  <File Type="PLACE-TIMING" Name="clk_top_wrapper_timing_summary_placed.rpt"/>
  <File Type="ROUTE-PWR-RPX" Name="clk_top_wrapper_power_routed.rpx"/>
  <File Type="PLACE-RQA-PB" Name="clk_top_wrapper_rqa_placed.pb"/>
  <File Type="POSTPLACE-PWROPT-DCP" Name="clk_top_wrapper_postplace_pwropt.dcp"/>
  <File Type="BITSTR-MSK" Name="clk_top_wrapper.msk"/>
  <File Type="POSTPLACE-PWROPT-TIMING" Name="clk_top_wrapper_timing_summary_postplace_pwropted.rpt"/>
  <File Type="PHYSOPT-DCP" Name="clk_top_wrapper_physopt.dcp"/>
  <File Type="PHYSOPT-DRC" Name="clk_top_wrapper_drc_physopted.rpt"/>
  <File Type="BITSTR-RBT" Name="clk_top_wrapper.rbt"/>
  <File Type="PHYSOPT-TIMING" Name="clk_top_wrapper_timing_summary_physopted.rpt"/>
  <File Type="ROUTE-ERROR-DCP" Name="clk_top_wrapper_routed_error.dcp"/>
  <File Type="ROUTE-DCP" Name="clk_top_wrapper_routed.dcp"/>
  <File Type="ROUTE-BLACKBOX-DCP" Name="clk_top_wrapper_routed_bb.dcp"/>
  <File Type="ROUTE-DRC" Name="clk_top_wrapper_drc_routed.rpt"/>
  <File Type="ROUTE-DRC-PB" Name="clk_top_wrapper_drc_routed.pb"/>
  <File Type="ROUTE-DRC-RPX" Name="clk_top_wrapper_drc_routed.rpx"/>
  <File Type="ROUTE-METHODOLOGY-DRC" Name="clk_top_wrapper_methodology_drc_routed.rpt"/>
  <File Type="ROUTE-METHODOLOGY-DRC-RPX" Name="clk_top_wrapper_methodology_drc_routed.rpx"/>
  <File Type="ROUTE-METHODOLOGY-DRC-PB" Name="clk_top_wrapper_methodology_drc_routed.pb"/>
  <File Type="ROUTE-RQS-PB" Name="clk_top_wrapper_rqs_routed.pb"/>
  <File Type="ROUTE-STATUS" Name="clk_top_wrapper_route_status.rpt"/>
  <File Type="ROUTE-STATUS-PB" Name="clk_top_wrapper_route_status.pb"/>
  <File Type="ROUTE-TIMINGSUMMARY" Name="clk_top_wrapper_timing_summary_routed.rpt"/>
  <File Type="ROUTE-TIMING-PB" Name="clk_top_wrapper_timing_summary_routed.pb"/>
  <File Type="ROUTE-TIMING-RPX" Name="clk_top_wrapper_timing_summary_routed.rpx"/>
  <File Type="ROUTE-SIMILARITY" Name="clk_top_wrapper_incremental_reuse_routed.rpt"/>
  <File Type="ROUTE-CLK" Name="clk_top_wrapper_clock_utilization_routed.rpt"/>
  <File Type="ROUTE-BUS-SKEW" Name="clk_top_wrapper_bus_skew_routed.rpt"/>
  <File Type="ROUTE-BUS-SKEW-PB" Name="clk_top_wrapper_bus_skew_routed.pb"/>
  <File Type="ROUTE-BUS-SKEW-RPX" Name="clk_top_wrapper_bus_skew_routed.rpx"/>
  <File Type="POSTROUTE-PHYSOPT-DCP" Name="clk_top_wrapper_postroute_physopt.dcp"/>
  <File Type="POSTROUTE-PHYSOPT-BLACKBOX-DCP" Name="clk_top_wrapper_postroute_physopt_bb.dcp"/>
  <File Type="POSTROUTE-PHYSOPT-TIMING" Name="clk_top_wrapper_timing_summary_postroute_physopted.rpt"/>
  <File Type="POSTROUTE-PHYSOPT-TIMING-PB" Name="clk_top_wrapper_timing_summary_postroute_physopted.pb"/>
  <File Type="POSTROUTE-PHYSOPT-TIMING-RPX" Name="clk_top_wrapper_timing_summary_postroute_physopted.rpx"/>
  <File Type="POSTROUTE-PHYSOPT-BUS-SKEW" Name="clk_top_wrapper_bus_skew_postroute_physopted.rpt"/>
  <File Type="BG-BIT" Name="clk_top_wrapper.bit"/>
  <File Type="POSTROUTE-PHYSOPT-BUS-SKEW-PB" Name="clk_top_wrapper_bus_skew_postroute_physopted.pb"/>
  <File Type="POSTROUTE-PHYSOPT-BUS-SKEW-RPX" Name="clk_top_wrapper_bus_skew_postroute_physopted.rpx"/>
  <File Type="BITSTR-NKY" Name="clk_top_wrapper.nky"/>
  <File Type="BITSTR-BMM" Name="clk_top_wrapper_bd.bmm"/>
  <File Type="PDI-FILE" Name="clk_top_wrapper.pdi"/>
  <File Type="BOOT-PDI-FILE" Name="clk_top_wrapper_boot.pdi"/>
  <File Type="PL-PDI-FILE" Name="clk_top_wrapper_pld.pdi"/>
  <File Type="RCFI_FILE" Name="clk_top_wrapper.rcfi"/>
  <File Type="CFI_FILE" Name="clk_top_wrapper.cfi"/>
  <File Type="RNPI_FILE" Name="clk_top_wrapper.rnpi"/>
  <File Type="NPI_FILE" Name="clk_top_wrapper.npi"/>
  <File Type="RBD_FILE" Name="clk_top_wrapper.rbd"/>
  <File Type="BITSTR-LTX" Name="debug_nets.ltx"/>
  <File Type="BITSTR-LTX" Name="clk_top_wrapper.ltx"/>
  <File Type="BITSTR-SYSDEF" Name="clk_top_wrapper.sysdef"/>
  <File Type="BG-BGN" Name="clk_top_wrapper.bgn"/>
  <File Type="BG-DRC" Name="clk_top_wrapper.drc"/>
  <File Type="RDI-RDI" Name="clk_top_wrapper.vdi"/>
  <File Type="WBT-USG" Name="usage_statistics_webtalk.html"/>
  <File Type="ROUTE-RQS" Name="clk_top_wrapper_routed.rqs"/>
  <File Type="POSTROUTE-PHYSOPT-RQS" Name="clk_top_wrapper_postroute_physopted.rqs"/>
  <File Type="ROUTE-RQS-RPT" Name="route_report_qor_suggestions_0.rpt"/>
  <File Type="POSTROUTE-PHYSOPT-RQS-RPT" Name="postroute_physopt_report_qor_suggestions_0.rpt"/>
  <FileSet Name="sources" Type="DesignSrcs" RelSrcDir="$PSRCDIR/sources_1" RelGenDir="$PGENDIR/sources_1">
    <Filter Type="Srcs"/>
    <File Path="$PSRCDIR/sources_1/new/adder.v">
      <FileInfo>
        <Attr Name="UsedIn" Val="synthesis"/>
        <Attr Name="UsedIn" Val="implementation"/>
        <Attr Name="UsedIn" Val="simulation"/>
      </FileInfo>
    </File>
    <File Path="$PSRCDIR/sources_1/new/and.v">
      <FileInfo>
        <Attr Name="UsedIn" Val="synthesis"/>
        <Attr Name="UsedIn" Val="implementation"/>
        <Attr Name="UsedIn" Val="simulation"/>
      </FileInfo>
    </File>
    <File Path="$PSRCDIR/sources_1/new/control_unit.v">
      <FileInfo>
        <Attr Name="UsedIn" Val="synthesis"/>
        <Attr Name="UsedIn" Val="implementation"/>
        <Attr Name="UsedIn" Val="simulation"/>
      </FileInfo>
    </File>
    <File Path="$PSRCDIR/sources_1/new/hamming.v">
      <FileInfo>
        <Attr Name="UsedIn" Val="synthesis"/>
        <Attr Name="UsedIn" Val="implementation"/>
        <Attr Name="UsedIn" Val="simulation"/>
      </FileInfo>
    </File>
    <File Path="$PSRCDIR/sources_1/new/inc_dec.v">
      <FileInfo>
        <Attr Name="UsedIn" Val="synthesis"/>
        <Attr Name="UsedIn" Val="implementation"/>
        <Attr Name="UsedIn" Val="simulation"/>
      </FileInfo>
    </File>
    <File Path="$PSRCDIR/sources_1/new/left_shift.v">
      <FileInfo>
        <Attr Name="UsedIn" Val="synthesis"/>
        <Attr Name="UsedIn" Val="implementation"/>
        <Attr Name="UsedIn" Val="simulation"/>
      </FileInfo>
    </File>
    <File Path="$PSRCDIR/sources_1/new/lui_mod.v">
      <FileInfo>
        <Attr Name="UsedIn" Val="synthesis"/>
        <Attr Name="UsedIn" Val="implementation"/>
        <Attr Name="UsedIn" Val="simulation"/>
      </FileInfo>
    </File>
    <File Path="$PSRCDIR/sources_1/new/mux_modules.v">
      <FileInfo>
        <Attr Name="UsedIn" Val="synthesis"/>
        <Attr Name="UsedIn" Val="implementation"/>
        <Attr Name="UsedIn" Val="simulation"/>
      </FileInfo>
    </File>
    <File Path="$PSRCDIR/sources_1/new/nor_gates.v">
      <FileInfo>
        <Attr Name="UsedIn" Val="synthesis"/>
        <Attr Name="UsedIn" Val="implementation"/>
        <Attr Name="UsedIn" Val="simulation"/>
      </FileInfo>
    </File>
    <File Path="$PSRCDIR/sources_1/new/not_gates.v">
      <FileInfo>
        <Attr Name="UsedIn" Val="synthesis"/>
        <Attr Name="UsedIn" Val="implementation"/>
        <Attr Name="UsedIn" Val="simulation"/>
      </FileInfo>
    </File>
    <File Path="$PSRCDIR/sources_1/new/or_gates.v">
      <FileInfo>
        <Attr Name="UsedIn" Val="synthesis"/>
        <Attr Name="UsedIn" Val="implementation"/>
        <Attr Name="UsedIn" Val="simulation"/>
      </FileInfo>
    </File>
    <File Path="$PSRCDIR/sources_1/new/ram_mem.v">
      <FileInfo>
        <Attr Name="UsedIn" Val="synthesis"/>
        <Attr Name="UsedIn" Val="implementation"/>
        <Attr Name="UsedIn" Val="simulation"/>
      </FileInfo>
    </File>
    <File Path="$PSRCDIR/sources_1/new/reg_bank.v">
      <FileInfo>
        <Attr Name="UsedIn" Val="synthesis"/>
        <Attr Name="UsedIn" Val="implementation"/>
        <Attr Name="UsedIn" Val="simulation"/>
      </FileInfo>
    </File>
    <File Path="$PSRCDIR/sources_1/new/right_shift.v">
      <FileInfo>
        <Attr Name="UsedIn" Val="synthesis"/>
        <Attr Name="UsedIn" Val="implementation"/>
        <Attr Name="UsedIn" Val="simulation"/>
      </FileInfo>
    </File>
    <File Path="$PSRCDIR/sources_1/new/rom_mem.v">
      <FileInfo>
        <Attr Name="UsedIn" Val="synthesis"/>
        <Attr Name="UsedIn" Val="implementation"/>
        <Attr Name="UsedIn" Val="simulation"/>
      </FileInfo>
    </File>
    <File Path="$PSRCDIR/sources_1/new/slt_and_sgt.v">
      <FileInfo>
        <Attr Name="UsedIn" Val="synthesis"/>
        <Attr Name="UsedIn" Val="implementation"/>
        <Attr Name="UsedIn" Val="simulation"/>
      </FileInfo>
    </File>
    <File Path="$PSRCDIR/sources_1/new/stack_reg.v">
      <FileInfo>
        <Attr Name="UsedIn" Val="synthesis"/>
        <Attr Name="UsedIn" Val="implementation"/>
        <Attr Name="UsedIn" Val="simulation"/>
      </FileInfo>
    </File>
    <File Path="$PSRCDIR/sources_1/new/sub_mod.v">
      <FileInfo>
        <Attr Name="UsedIn" Val="synthesis"/>
        <Attr Name="UsedIn" Val="implementation"/>
        <Attr Name="UsedIn" Val="simulation"/>
      </FileInfo>
    </File>
    <File Path="$PSRCDIR/sources_1/new/xor_gates.v">
      <FileInfo>
        <Attr Name="UsedIn" Val="synthesis"/>
        <Attr Name="UsedIn" Val="implementation"/>
        <Attr Name="UsedIn" Val="simulation"/>
      </FileInfo>
    </File>
    <File Path="$PSRCDIR/sources_1/new/k_alu.v">
      <FileInfo>
        <Attr Name="UsedIn" Val="synthesis"/>
        <Attr Name="UsedIn" Val="implementation"/>
        <Attr Name="UsedIn" Val="simulation"/>
      </FileInfo>
    </File>
    <File Path="$PPRDIR/../OneDrive/Desktop/K_ALUfinalProject/hex_fact_data.coe">
      <FileInfo>
        <Attr Name="UsedIn" Val="synthesis"/>
        <Attr Name="UsedIn" Val="simulation"/>
      </FileInfo>
    </File>
    <File Path="$PPRDIR/../OneDrive/Desktop/K_ALUfinalProject/hex_fact_inst.coe">
      <FileInfo>
        <Attr Name="UsedIn" Val="synthesis"/>
        <Attr Name="UsedIn" Val="simulation"/>
      </FileInfo>
    </File>
    <File Path="$PPRDIR/../OneDrive/Desktop/K_ALUfinalProject/cmov_instr.coe">
      <FileInfo>
        <Attr Name="UsedIn" Val="synthesis"/>
        <Attr Name="UsedIn" Val="simulation"/>
      </FileInfo>
    </File>
    <File Path="$PPRDIR/../OneDrive/Desktop/K_ALUfinalProject/cmov_data.coe">
      <FileInfo>
        <Attr Name="UsedIn" Val="synthesis"/>
        <Attr Name="UsedIn" Val="simulation"/>
      </FileInfo>
    </File>
    <Config>
      <Option Name="DesignMode" Val="RTL"/>
      <Option Name="TopModule" Val="clk_top_wrapper"/>
    </Config>
  </FileSet>
  <FileSet Name="constrs_in" Type="Constrs" RelSrcDir="$PSRCDIR/constrs_1" RelGenDir="$PGENDIR/constrs_1">
    <Filter Type="Constrs"/>
    <File Path="$PSRCDIR/constrs_1/new/timing.xdc">
      <FileInfo>
        <Attr Name="UsedIn" Val="synthesis"/>
        <Attr Name="UsedIn" Val="implementation"/>
      </FileInfo>
    </File>
    <Config>
      <Option Name="ConstrsType" Val="XDC"/>
    </Config>
  </FileSet>
  <FileSet Name="utils" Type="Utils" RelSrcDir="$PSRCDIR/utils_1" RelGenDir="$PGENDIR/utils_1">
    <Filter Type="Utils"/>
    <File Path="$PSRCDIR/utils_1/imports/synth_1/clk_top_wrapper.dcp">
      <FileInfo>
        <Attr Name="UsedIn" Val="synthesis"/>
        <Attr Name="UsedIn" Val="implementation"/>
        <Attr Name="UsedInSteps" Val="synth_1"/>
        <Attr Name="AutoDcp" Val="1"/>
      </FileInfo>
    </File>
    <Config>
      <Option Name="TopAutoSet" Val="TRUE"/>
    </Config>
  </FileSet>
  <Strategy Version="1" Minor="2">
    <StratHandle Name="Vivado Implementation Defaults" Flow="Vivado Implementation 2024"/>
    <Step Id="init_design"/>
    <Step Id="opt_design"/>
    <Step Id="power_opt_design"/>
    <Step Id="place_design"/>
    <Step Id="post_place_power_opt_design"/>
    <Step Id="phys_opt_design"/>
    <Step Id="route_design"/>
    <Step Id="post_route_phys_opt_design"/>
    <Step Id="write_bitstream"/>
  </Strategy>
  <BlockFileSet Type="BlockSrcs" Name="blk_mem_gen_1"/>
  <BlockFileSet Type="BlockSrcs" Name="blk_mem_gen_0"/>
</GenRun>
